<?xml version="1.0" encoding="UTF-8"?>
<!DOCTYPE hibernate-configuration SYSTEM 
"http://www.hibernate.org/dtd/hibernate-configuration-3.0.dtd">
<hibernate-configuration>
	<session-factory>

		<property name="hibernate.dialect"> org.hibernate.dialect.MySQLDialect </property>
		<property name="hibernate.connection.driver_class"> com.mysql.jdbc.Driver </property>
		<property name="hibernate.connection.url"> jdbc:mysql://localhost:3306/employee</property>
		<property name="hibernate.connection.username"> root </property>
		<property name="hibernate.connection.password">Mysql123@</property>
		<property name="hibernate.connection.pool_size">1</property>
		<property name="hibernate.current_session_context_class">thread</property>
		<property name="hibernate.show_sql">true</property>
		<property name="hibernate.dialect">org.hibernate.dialect.MySQL5Dialect</property>
		<property name="hibernate.hbm2ddl.auto">update</property>
		<mapping class="com.mindtree.vishal.Model.Employee" />
		 
	</session-factory>
</hibernate-configuration>